صلق,صَلْق
صلل,إصْلال
صلل,تَصْلِيل
صلل,صَلِيل
صلل,صَلَّة
صلل,صَلّ
صلل,صُلُول
صلم,اصْطِلام
صلم,تَصْلِيم
صلم,صَلَم
صلم,صَلْم
صلو,إصْلاء
صلو,تَصْلِيَة
صلو,صَلْو
صلي,إصْلاء
صلي,اصْطِلاء
صلي,تَصَلِّي
صلي,تَصْلِيَة
صلي,صَلاء
صلي,صَلَى
صلي,صَلْي
صلي,صُلِيّ
صلي,صِلاء
صلي,صِلِيّ
صمأ,صَمْء
صمت,إصْمات
صمت,تَصْمِيت
صمت,صَمْت
صمت,صُمات
صمت,صُمُوت
صمت,صُمْت
صمح,صَمْح
صمح,صُماح
صمح,صُمُوح
صمخ,إصْماخ
صمخ,صَمْخ
صمد,إصْماد
صمد,تَصَمُّد
صمد,صَمْد
صمر,إصْمار
صمر,تَصْمِير
صمر,صَمَر
صمر,صَمْر
صمر,صُمُور
صمع,تَصَمُّع
صمع,تَصْمِيع
صمع,صَمَع
صمع,صَمْع
صمع,صَوْمَعَة
صمغ,إصْماغ
صمغ,اسْتِصْماغ
صمغ,تَصْمِيغ
صمك,اصْمِيكاك
صمل,صَمالَة
صمل,صَمْل
صمل,صَوْمَلَة
صمل,صُمُول
صمم,إصْمام
صمم,تَصامّ
صمم,تَصْمِيم
صمم,صَمَم
صمم,صَمّ
صمي,إصْماء
صمي,انْصِماء
صمي,صَمَيان
صمي,صَمْي
صمي,مُصاماة
صنخ,صَنَخ
صنخ,صَنْخَة
صنع,إصْناع
صنع,اسْتِصْناع
صنع,اصْطِناع
صنع,تَصَنُّع
صنع,تَصْنِيع
صنع,صَنَع
صنع,صَنِيع
صنع,صَنْعَة
صنع,صَنْع
صنع,صُنْع
صنع,صِناعَة
صنع,مُصانَعَة
صنف,تَصَنُّف
صنف,تَصْنِيف
صنق,إصْناق
صنق,صَنَق
صنم,صَنَم
صنن,إصْنان
صنن,صُنُون
صنو,إصْناء
صنو,اصْطِناء
صنو,تَصَنِّي
صهب,إصْهاب
صهب,اصْهِباب
صهب,اصْهِيباب
صهب,تَصْهِيب
صهب,صَهَب
صهب,صُهُوبَة
صهب,صُهْبَة
صهد,صَهَدان
صهد,صَهْد
صهر,إصْهار
صهر,اصْطِهار
صهر,اصْهِيرار
صهر,انْصِهار
صهر,صَهْر
صهر,مُصاهَرَة
صهل,تَصاهُل
صهل,صَهَل
صهل,صَهِيل
صهل,صَهْل
صهل,صُهال
صهو,إصْهاء
صهو,مُصاهاة
صهي,إصْهاء
صهي,صَهَى
صهي,صَهْي
صوب,إصابَة
صوب,اسْتِصابَة
صوب,اسْتِصْواب
صوب,انْصِياب
صوب,تَصَوُّب
صوب,تَصْوِيب
صوب,صَوْب
صوب,صَيْبُوبَة
صوت,إصاتَة
صوت,انْصِيات
صوت,تَصْوِيت
صوت,صَوْت
صوح,انْصِياح
صوح,تَصَوُّح
صوح,تَصْوِيح
صوح,صَوْح
صوخ,إصاخَة
صور,إصارَة
صور,انْصِيار
صور,تَصَوُّر
صور,تَصْوِير
صور,صَوَر
صور,صَوْر
صوع,انْصِياع
صوع,تَصَوُّع
صوع,تَصْوِيع
صوع,صَوْع
صوغ,انْصِياغ
صوغ,صَوْغ
صوغ,صَيْغُوغَة
صوغ,صِياغَة
صوغ,صِيغَة
صوف,إصافَة
صوف,تَصَوُّف
صوف,تَصْوِيف
صوف,صَوَف
صوف,صَوْف
صوف,صُوُوف
صوق,تَصَوُّق
صوق,تَصْوِيق
صوك,تَصَوُّك
صوك,صَوْك
صول,تَصاوُل
صول,تَصْوِيل
صول,صَال
صول,صَوَلان
صول,صَوْلَة
صول,صَوْل
صول,صُؤُول
صول,صُوال
صول,صِيالَة
صول,صِيال
صول,مُصاوَلَة
صوم,اصْطِيام
صوم,تَصْوِيم
صوم,صَوْم
صوم,صِيام
صون,اصْطِيان
صون,تَصاوُن
صون,تَصَوُّن
صون,صَوْن
صون,صِيانَة
صون,صِيان
صوي,إصْواء
صوي,تَصْوِيَة
صوي,صَوَى
صوي,صُوِيّ
صيأ,تَصْيِئَة
صيأ,تَصْيِيء
صيأ,صَيْء
صيب,إصابَة
صيب,صَيْب
صيح,انْصِياح
صيح,تَصايُح
صيح,تَصَيُّح
صيح,تَصْيِيح
صيح,صَيَحان
صيح,صَيْحَة
صيح,صَيْح
صيح,صُياح
صيح,صِياح
صيح,مُصايَحَة
صيخ,إصاخَة
صيخ,انْصِياخ
صيد,إصادَة
صيد,اصْطِياد
صيد,اصْيِداد
صيد,تَصَيُّد
صيد,تَصْيِيد
صيد,صَيَد
صيد,صَيْد
صير,إصارَة
صير,تَصَيُّر
صير,تَصْيِير
صير,صَيْرُورَة
صير,صَيْر
صير,صِيار
صيص,إصاصَة
صيص,تَصْيِيص
صيع,إصاعَة
صيع,انْصِياع
صيع,تَصَيُّع
صيع,صَيْع
صيغ,تَصْيِيغ
صيف,إصافَة
صيف,اصْطِياف
صيف,تَصَيُّف
صيف,تَصْيِيف
صيف,صَيْفُوفَة
صيف,صَيْف
صيف,صِياف
صيف,مُصايَفَة
صيك,صَيْك
ضأد,إضْآد
ضأد,ضَأْد
ضأز,ضَأَز
ضأز,ضَأْز
ضأط,ضَأَط
ضأك,ضُؤاك
ضأل,تَضاؤل
ضأل,ضَآلَة
ضأل,ضُؤولَة
ضأل,مُضاءَلَة
ضأن,إضْآن
ضأي,ضَأْي
ضبأ,إضْباء
ضبأ,اضْطِباء
ضبأ,ضَبْء
ضبأ,ضُبُوء
ضبب,إضْباب
ضبب,تَضَبُّب
ضبب,تَضْبِيب
ضبب,ضَبَب
ضبب,ضَبِيب
ضبب,ضَبّ
ضبب,ضُبُوب
ضبث,اضْطِباث
ضبث,تَضْبِيث
ضبث,ضَبْث
ضبج,انْضِباج
ضبج,ضَبَج
ضبج,ضَبْج
ضبج,ضُباج
ضبج,مُضابَجَة
ضبد,تَضْبِيد
ضبد,ضَبَد
ضبد,ضَبْد
ضبر,تَضْبِير
ضبر,ضَبارَة
ضبر,ضَبَران
ضبر,ضَبْر
ضبز,ضَبْز
ضبس,ضَبَس
ضبس,ضَبْس
ضبط,انْضِباط
ضبط,تَضَبُّط
ضبط,تَضْبِيط
ضبط,ضَباطَة
ضبط,ضَبَط
ضبط,ضَبْط
ضبع,إضْباع
ضبع,اسْتِضْباع
ضبع,اضْطِباع
ضبع,ضَبَعان
ضبع,ضَبَعَة
ضبع,ضَبَع
ضبع,ضَبْع
ضبع,ضُبُوع
ضبع,مُضابَعَة
ضبك,تَضْبِيك
ضبن,إضْبان
ضبن,اضْطِبان
ضبن,ضَبانَة
ضبن,ضَبَن
ضبن,ضَبْن
ضبو,إضْباء
ضبو,ضَبْو
ضجج,إضْجاج
ضجج,تَضْجِيج
ضجج,ضَجاج
ضجج,ضَجِيج
ضجج,ضَجّ
ضجج,ضُجاج
ضجج,ضِجاج
ضجج,مُضاجَّة
ضجر,إضْجار
ضجر,تَضَجُّر
ضجر,ضَجَر
ضجع,إضْجاع
ضجع,اضْطِجاع
ضجع,انْضِجاع
ضجع,تَضاجُع
ضجع,تَضَجُّع
ضجع,تَضْجِيع
ضجع,ضَجْعَة
ضجع,ضَجْع
ضجع,ضُجُوع
ضجع,ضُجْعَة
ضجع,مُضاجَعَة
ضجم,تَضاجُم
ضجم,ضَجَم
ضجو,ضَجْو
ضحك,إضْحاك
ضحك,اسْتِضْحاك
ضحك,تَضاحُك
ضحك,تَضَحُّك
ضحك,ضَحِك
ضحك,ضَحْك
ضحك,ضِحِك
ضحك,ضِحْك
ضحل,إضْحال
ضحل,ضَحْل
ضحو,إضْحاء
ضحو,اسْتِضْحاء
ضحو,تَضَحِّي
ضحو,تَضْحِيَة
ضحو,ضَحْو
ضحو,ضُحُوّ
ضحو,ضُحِيّ
ضحو,مُضاحاة
ضحي,إضْحاء
ضحي,اسْتِضْحاء
ضحي,تَضَحِّي
ضحي,تَضْحِيَة
ضحي,ضَحاء
ضحي,ضَحَى
ضحي,ضُحِيّ
ضحي,مُضاحاة
ضخخ,انْضِخاخ
ضخخ,ضَخّ
ضخم,تَضَخُّم
ضخم,تَضْخِيم
ضخم,ضَخامَة
ضخم,ضِخَم
ضدد,إضْداد
ضدد,تَضادّ
ضدد,ضَدّ
ضدد,مُضادَّة
ضدن,ضَدْن
ضدي,مُضاداة
ضرب,اسْتِضْراب
ضرب,اضْطِراب
ضرب,تَضارُب
ضرب,تَضَرُّب
ضرب,تَضْرِيب
ضرب,ضَرَبان
ضرب,ضَرَب
ضرب,ضَرْب
ضرب,ضِراب
ضرب,مَضارَبَة
ضرج,انْضِراج
ضرج,تَضَرُّج
ضرج,تَضْرِيج
ضرج,ضَرْج
ضرح,إضْراح
ضرح,اضْطِراح
ضرح,انْضِراح
ضرح,ضَرْح
ضرح,ضُرُوح
ضرح,ضِراح
ضرح,مُضارَحَة
ضرد,اضْطِراد
ضرر,إضْرار
ضرر,اضْطِرار
ضرر,تَضارّ
ضرر,تَضَرُّر
ضرر,تَضْرِير
ضرر,ضَرّ
ضرر,ضِرار
ضرر,مُضارَّة
ضرس,إضْراس
ضرس,تَضارُس
ضرس,تَضَرُّس
ضرس,تَضْرِيس
ضرس,ضَرَس
ضرس,ضَرْس
ضرس,مُضارَسَة
ضرط,إضْراط
ضرط,تَضْرِيط
ضرط,ضَرَط
ضرط,ضَرِيط
ضرط,ضَرْط
ضرط,ضُراط
ضرط,ضِراط
ضرع,إضْراع
ضرع,اسْتِضْراع
ضرع,تَضارُع
ضرع,تَضَرُّع
ضرع,تَضْرِيع
ضرع,ضَراعَة
ضرع,ضَرَع
ضرع,ضَرْع
ضرع,ضُرُوع
ضرع,مُضارَعَة
ضرك,ضَراكَة
ضرم,إضْرام
ضرم,اسْتِضْرام
ضرم,اضْطِرام
ضرم,تَضَرُّم
ضرم,ضَرَم
ضرم,ضِرام
ضرو,إضْراء
ضرو,اسْتِضْراء
ضرو,اضْرِيراء
ضرو,تَضْرِيَة
ضرو,ضَراءَة
ضرو,ضَراء
ضرو,ضَراوَة
ضرو,ضَرَا
ضرو,ضَرْو
ضرو,ضِراء
ضري,إضْراء
ضري,اسْتِضْراء
ضري,تَضْرِيَة
ضري,ضَرَى
ضري,ضَرْي
ضري,ضِراء
ضزز,إضْزاز
ضزز,ضَزّ
ضزن,تَضَيْزُن
ضزن,ضَيْزَنَة
ضطن,ضَيْطَنَة
ضطن,ضِيطان
ضعز,ضَعْز
ضعع,ضَعّ
ضعف,إضْعاف
ضعف,اسْتِضْعاف
ضعف,تَضاعُف
ضعف,تَضَعُّف
ضعف,تَضْعِيف
ضعف,ضَعافَة
ضعف,ضَعافِيَة
ضعف,ضَعَف
ضعف,ضَعْف
ضعف,ضُعْف
ضعف,مُضاعَفَة
ضعل,ضَعَل
ضعو,ضَعْو
ضغب,ضَغْب
ضغت,ضَغْت
ضغث,إضْغاث
ضغث,تَضْغِيث
ضغث,ضَغْث
ضغد,ضَغْد
ضغط,اضْتِغاط
ضغط,انْضِغاط
ضغط,تَضاغُط
ضغط,ضَغْط
ضغط,ضُغْطَة
ضغط,ضِغاط
ضغط,مُضاغَطَة
ضغغ,إضْغاغ
ضغل,ضَغِيل
ضغل,ضَغْل
ضغم,ضَغْم
ضغن,اضْطِغان
ضغن,تَضاغُن
ضغن,ضَغَن
ضغن,ضِغْن
ضغو,إضْغاء
ضغو,تَضاغِي
ضغو,تَضْغِيَة
ضغو,ضَغْو
ضغو,ضُغاء
ضغو,ضُغُوّ
ضفد,اضْفِيداد
ضفد,ضَفْد
ضفر,انْضِفار
ضفر,تَضافُر
ضفر,تَضْفِير
ضفر,ضَفْر
ضفر,مُضافَرَة
ضفز,اضْطِفاز
ضفز,ضَفْز
ضفز,مُضافَزَة
ضفس,ضَفْس
ضفط,تَضافُط
ضفط,ضَفاطَة
ضفط,ضَفْط
ضفع,ضَفْع
ضفف,تَضافّ
ضفف,ضَفَف
ضفف,ضَفّ
ضفق,ضَفْق
ضفن,إضْفان
ضفن,اضْطِفان
ضفن,ضَفْن
ضفو,ضَفْو
ضفو,ضُفُوّ
ضقو,ضَقْو
ضكز,ضَكْز
ضكك,ضَكّ
ضلع,إضْلاع
ضلع,اضْطِلاع
ضلع,تَضَلُّع
ضلع,تَضْلِيع
ضلع,ضَلاعَة
ضلع,ضَلَع
ضلع,ضَلْع
ضلل,إضْلال
ضلل,اسْتِضْلال
ضلل,تَضالّ
ضلل,تَضَلُّل
ضلل,تَضْلال
ضلل,تَضْلِيل
ضلل,ضَلالَة
ضلل,ضَلال
ضلل,ضَلَل
ضلو,تَضَلِّي
ضلو,ضَلْو
ضمج,إضْماج
ضمج,ضَمَج
ضمج,ضَمْج
ضمخ,اضِّماخ
ضمخ,تَضَمُّخ
ضمخ,تّضْمِيخ
ضمخ,ضَمْخ
ضمد,إضْماد
ضمد,تَضَمُّد
ضمد,تَضْمِيد
ضمد,ضَمَد
ضمد,ضَمْد
ضمر,إضْمار
ضمر,اضْطِمار
ضمر,انْضِمار
ضمر,تَضَمُّر
ضمر,تَضْمِير
ضمر,ضَمْر
ضمر,ضُمُور
ضمز,تَضْمِيز
ضمز,ضَمْز
ضمز,ضُماز
ضمز,ضُمُوز
ضمس,ضَمْس
ضمغ,إضْماغ
ضمم,إضْمام
ضمم,اضْطِمام
ضمم,انْضِمام
ضمم,تَضامّ
ضمم,ضَمّ
ضمم,مُضامَّة
ضمن,اضْمِنان
ضمن,تَضَمُّن
ضمن,تَضْمِين
ضمن,ضَمانَة
ضمن,ضَمان
ضمن,ضَمَن
ضمن,ضَمْن
ضمن,ضُمْنَة
ضمي,ضَمَى
ضنأ,إضْناء
ضنأ,اضْطِئان
ضنأ,ضَنْء
ضنأ,ضُنُوء
ضنب,ضَنْب
ضنط,انْضِناط
ضنط,ضَنَط
ضنط,ضَنْط
ضنط,ضِناط
ضنط,مُضانَطَة
ضنك,إضْناك
ضنك,تَضْنِيك
ضنك,ضَناكَة
ضنك,ضَنَك
ضنك,ضَنْك
ضنك,ضُناك
ضنك,ضُنُوكَة
ضنك,ضُنْكَة
ضنن,اضْطِنان
ضنن,ضَنانَة
ضنن,ضَنّ
ضنن,ضِنَّة
ضنن,ضِنّ
ضنو,إضْناء
ضنو,اضْطِناء
ضنو,انْضِناء
ضنو,تَضَنَّى
ضنو,ضَناء
ضنو,ضَنَى
ضنو,مُضاناة
ضهأ,مَضاهَأة
ضهب,تَضْهِيب
ضهب,ضَهَب
ضهب,ضُهُوب
ضهت,ضَهْت
ضهج,إضْهاج
ضهد,إضْهاد
ضهد,اضْطِهاد
ضهد,ضَهْد
ضهد,ضُهْدَة
ضهز,ضَهْز
ضهس,ضَهْس
ضهل,إضْهال
ضهل,ضَهْل
ضهل,ضُهُول
ضهي,إضْهاء
ضهي,ضَهَى
ضهي,مُضاهاة
ضوأ,إضاءَة
ضوأ,اسْتِضاءَة
ضوأ,تَضَوِئَة
ضوأ,تَضَوِّي
ضوأ,تَضْوِيء
ضوأ,ضَوْء
ضوأ,ضُوء
ضوأ,ضِياء
ضوب,ضَوَبان
ضوج,انْضِواج
ضوج,تَضَوُّج
ضوج,ضَوْج
ضود,مُضاداة
ضور,اسْتِضْوار
ضور,تَضَوُّر
ضور,ضَوْر
ضوز,ضَوْز
ضوض,ضِيضاء
ضوط,إضْواط
ضوط,ضَوَط
ضوع,انْضِياع
ضوع,تَضَوُّع
ضوع,تَضْوِيع
ضوع,ضَوْع
ضوف,ضَوْف
ضوك,اضْطِواك
ضوك,تَضَوُّك
ضوك,ضَوْك
ضوم,ضَوْم
ضون,تَضَوُّن
ضون,ضَوْن
ضوي,إضْواء
ضوي,انْضِواء
ضوي,ضَوَى
ضوي,ضَيّ
ضوي,ضُوِيّ
ضيأ,تَضْيِئَة
ضيأ,تَضْيِيء
ضيج,ضَيَجان
ضيج,ضَيْج
ضيج,ضُيُوج
ضيح,تَضَيُّح
ضيح,تَضْيِيح
ضيح,ضَيْح
ضيخ,انْضِياخ
ضير,ضَيْر
ضيز,ضَيْز
ضيس,ضَيْس
ضيط,ضَيَطان
ضيط,ضَيْط
ضيع,إضاعَة
ضيع,تَضَيُّع
ضيع,تَضْيِيع
ضيع,ضَياع
ضيع,ضَيْعَة
ضيع,ضَيْع
ضيف,إضافَة
ضيف,اسْتِضافَة
ضيف,انْضِياف
ضيف,تَضايُف
ضيف,تَضَيُّف
ضيف,تَضْيِيف
ضيف,ضَيْف